Time,Celsius,Fahrenheit,Humidity,Pressure,Dewpoint
[(datetime.datetime(2017, 10, 16, 21, 5, 16, 179625), 33.8, 92.8, 31.0, 1013.0, 14.3)]
2017-10-17 00:02:37.190810,34.9,94.8,31.0,1014.2,15.3
2017-10-17 00:18:34.676107,33.1,91.6,32.4,1014.1,14.4
2017-10-17 00:21:37.726418,33.3,91.9,32.6,1014.1,14.7
2017-10-17 00:24:41.780500,33.3,91.9,32.8,1014.1,14.8
2017-10-17 00:27:45.951694,33.3,91.9,31.9,1014.1,14.3
2017-10-17 00:30:48.996499,33.3,91.9,32.1,1014.0,14.4
2017-10-17 00:33:53.067589,33.3,91.9,31.8,1014.0,14.3
2017-10-17 00:36:57.125649,33.4,92.1,31.8,1014.0,14.4
2017-10-17 00:40:01.181718,33.4,92.1,30.7,1013.9,13.8
2017-10-17 00:43:06.345653,33.2,91.8,33.1,1013.9,14.8
2017-10-17 00:46:10.451494,33.5,92.3,31.5,1013.9,14.3
2017-10-17 00:49:15.480060,33.5,92.3,32.5,1014.0,14.8
2017-10-17 00:52:21.556827,33.4,92.1,31.5,1014.0,14.2
2017-10-17 00:55:25.623971,33.5,92.3,30.9,1014.0,14.0
2017-10-17 00:58:31.894089,33.5,92.3,31.7,1014.1,14.4
2017-10-17 01:01:35.956394,33.4,92.1,31.7,1014.0,14.3
2017-10-17 01:04:40.246444,33.4,92.1,32.9,1014.0,14.9
2017-10-17 01:06:27.569240,33.5,92.3,31.7,1014.0,14.4
2017-10-17 01:09:32.632991,33.5,92.3,31.3,1014.1,14.2
2017-10-17 01:12:36.656288,33.4,92.1,31.3,1014.0,14.1
2017-10-17 01:15:39.600152,33.5,92.3,31.4,1014.0,14.3
2017-10-17 01:18:44.692584,33.5,92.3,31.8,1014.1,14.5
2017-10-17 01:22:41.639196,33.6,92.5,29.3,1014.0,13.3
2017-10-17 01:28:29.330003,33.5,92.3,31.5,1014.0,14.3
2017-10-17 18:31:43.699479,34.3,93.7,29.7,1012.0,14.1
2017-10-17 18:34:48.868739,34.4,93.9,34.3,1012.0,16.4
2017-10-17 18:37:54.847347,34.4,93.9,34.5,1012.0,16.5
2017-10-17 18:41:01.272454,34.6,94.3,34.3,1012.0,16.6
2017-10-17 18:44:07.324304,34.9,94.8,34.5,1012.1,16.9
2017-10-17 18:47:11.654865,35.2,95.4,33.6,1012.1,16.8
2017-10-17 18:50:16.721797,35.1,95.2,34.6,1012.1,17.2
2017-10-17 18:53:20.516270,35.0,95.0,34.3,1012.1,16.9
2017-10-17 18:56:25.543436,34.9,94.8,33.9,1012.2,16.7
2017-10-17 18:59:31.680856,34.9,94.8,34.0,1012.2,16.7
2017-10-17 19:02:37.449503,34.8,94.6,34.4,1012.2,16.8
2017-10-17 19:05:43.499778,34.8,94.6,34.0,1012.3,16.6
2017-10-17 19:08:49.541810,34.7,94.5,33.6,1012.3,16.4
2017-10-17 19:11:55.566988,34.7,94.5,33.5,1012.3,16.3
2017-10-17 19:15:01.712942,34.8,94.6,33.4,1012.3,16.4
2017-10-17 19:18:07.834571,34.8,94.6,33.3,1012.4,16.3
2017-10-17 19:21:13.877176,34.6,94.3,31.9,1012.4,15.5
2017-10-17 19:24:18.894393,34.8,94.6,33.3,1012.4,16.3
2017-10-17 19:27:24.998208,34.9,94.8,35.7,1012.4,17.5
2017-10-17 19:30:31.042748,34.6,94.3,33.5,1012.4,16.2
2017-10-17 19:33:37.061569,34.4,93.9,33.5,1012.4,16.0
2017-10-17 19:36:43.132455,34.2,93.6,33.9,1012.5,16.1
2017-10-17 19:39:47.865405,34.2,93.6,33.9,1012.5,16.1
2017-10-17 19:42:52.888866,33.8,92.8,34.8,1012.5,16.1
2017-10-17 19:45:57.855740,33.9,93.0,35.5,1012.6,16.5
2017-10-17 19:49:03.841435,34.1,93.4,33.6,1012.6,15.8
2017-10-17 19:52:08.904595,34.2,93.6,33.6,1012.4,15.9
2017-10-17 19:55:14.917257,34.1,93.4,33.3,1012.4,15.7
2017-10-17 19:58:19.976506,33.9,93.0,33.9,1012.4,15.8
2017-10-17 20:01:25.972063,34.0,93.2,33.1,1012.3,15.5
2017-10-17 20:04:30.972965,33.9,93.0,33.7,1012.3,15.7
2017-10-17 20:07:37.026872,33.8,92.8,33.1,1012.2,15.3
2017-10-17 20:10:42.234540,33.7,92.7,33.6,1012.2,15.5
2017-10-17 20:13:48.324620,33.9,93.0,32.6,1012.3,15.2
2017-10-17 20:16:54.513106,33.8,92.8,34.0,1012.3,15.8
2017-10-17 20:20:00.450668,33.9,93.0,33.2,1012.3,15.5
2017-10-17 20:23:06.580935,34.0,93.2,33.4,1012.3,15.7
2017-10-17 20:26:12.782980,34.0,93.2,32.9,1012.3,15.4
2017-10-17 20:29:18.881463,34.0,93.2,32.1,1012.4,15.0
2017-10-17 20:32:23.956496,34.0,93.2,33.3,1012.3,15.6
2017-10-17 20:35:30.026525,34.1,93.4,32.8,1012.3,15.5
2017-10-17 20:38:35.173051,33.8,92.8,33.2,1012.3,15.4
2017-10-17 20:41:41.253665,34.0,93.2,33.0,1012.2,15.5
2017-10-17 20:44:47.362549,34.0,93.2,33.1,1012.3,15.5
2017-10-17 20:47:52.476286,33.9,93.0,33.1,1012.4,15.4
2017-10-17 20:50:57.501844,33.9,93.0,33.4,1012.4,15.6
2017-10-17 20:54:03.638804,33.7,92.7,32.5,1012.3,15.0
2017-10-17 20:57:09.635296,33.6,92.5,33.5,1012.3,15.4
2017-10-17 21:00:15.632744,33.8,92.8,33.4,1012.2,15.5
2017-10-17 21:03:21.608910,33.8,92.8,33.2,1012.3,15.4
2017-10-17 21:06:27.684295,33.8,92.8,33.3,1012.3,15.4
2017-10-17 21:09:33.760317,33.8,92.8,33.0,1012.3,15.3
2017-10-17 21:12:39.738956,33.8,92.8,33.3,1012.3,15.4
2017-10-17 21:15:45.821080,33.9,93.0,33.3,1012.3,15.5
2017-10-17 21:18:51.901963,33.8,92.8,31.6,1012.3,14.6
2017-10-17 21:21:56.933166,33.9,93.0,34.0,1012.2,15.8
2017-10-17 21:25:02.858253,33.9,93.0,33.4,1012.3,15.6
2017-10-17 21:28:08.861838,33.6,92.5,33.3,1012.4,15.3
2017-10-17 21:31:14.846885,33.5,92.3,33.5,1012.5,15.3
2017-10-17 21:34:20.948863,33.2,91.8,34.2,1012.4,15.3
2017-10-17 21:37:26.028812,33.0,91.4,34.3,1012.4,15.2
2017-10-17 21:40:30.976783,33.0,91.4,34.4,1012.4,15.2
2017-10-17 21:43:35.951605,33.0,91.4,34.3,1012.3,15.2
2017-10-17 21:46:40.886849,33.0,91.4,34.6,1012.4,15.3
2017-10-17 21:49:45.878458,32.8,91.0,34.2,1012.4,15.0
2017-10-17 21:52:50.910106,32.8,91.0,34.6,1012.4,15.2
2017-10-17 21:55:55.907149,32.8,91.0,34.4,1012.5,15.1
2017-10-17 21:58:59.967270,32.7,90.9,34.1,1012.6,14.8
2017-10-17 22:02:04.935638,32.8,91.0,33.7,1012.6,14.7
2017-10-17 22:05:09.979059,32.6,90.7,34.5,1012.7,14.9
2017-10-17 22:08:15.991038,32.8,91.0,34.5,1012.7,15.1
2017-10-17 22:11:19.922973,32.7,90.9,34.6,1012.7,15.1
2017-10-17 22:14:24.902711,32.6,90.7,33.4,1012.7,14.4
2017-10-17 22:17:30.899795,32.6,90.7,34.6,1012.7,15.0
2017-10-17 22:20:36.999142,32.7,90.9,34.4,1012.6,15.0
2017-10-17 22:23:43.105572,32.5,90.5,34.6,1012.6,14.9
2017-10-17 22:26:49.184198,32.4,90.3,34.4,1012.6,14.7
2017-10-17 22:29:55.238797,32.4,90.3,34.7,1012.6,14.8
2017-10-17 22:33:01.295471,32.3,90.1,34.5,1012.6,14.7
2017-10-17 22:36:06.364561,32.4,90.3,34.7,1012.6,14.8
2017-10-17 22:39:12.430549,32.3,90.1,35.0,1012.7,14.9
2017-10-17 22:42:17.441369,32.4,90.3,34.7,1012.8,14.8
2017-10-17 22:45:23.506276,32.4,90.3,34.7,1012.7,14.8
2017-10-17 22:48:29.669949,32.3,90.1,34.7,1012.7,14.8
2017-10-17 22:51:34.879009,32.3,90.1,34.9,1012.7,14.9
2017-10-17 22:54:39.923515,32.3,90.1,35.1,1012.7,14.9
2017-10-17 22:57:43.912339,32.3,90.1,34.8,1012.6,14.8
2017-10-17 23:00:48.920701,32.4,90.3,34.2,1012.6,14.6
2017-10-17 23:03:54.927410,32.3,90.1,33.7,1012.6,14.3
2017-10-17 23:07:00.028169,32.3,90.1,37.2,1012.5,15.8
2017-10-17 23:10:05.091136,32.2,90.0,35.0,1012.5,14.8
2017-10-17 23:13:11.179533,32.2,90.0,34.9,1012.5,14.8
2017-10-17 23:16:17.252771,32.2,90.0,35.2,1012.5,14.9
2017-10-17 23:19:23.238960,32.2,90.0,34.6,1012.4,14.6
2017-10-17 23:22:29.327830,32.0,89.6,35.0,1012.4,14.6
2017-10-17 23:25:35.417111,32.1,89.8,34.8,1012.4,14.6
2017-10-17 23:28:40.388844,32.1,89.8,34.9,1012.4,14.7
2017-10-17 23:31:45.494194,32.1,89.8,37.8,1012.5,15.9
2017-10-17 23:34:50.553256,32.2,90.0,35.0,1012.5,14.8
2017-10-17 23:37:56.674340,32.0,89.6,35.0,1012.4,14.6
2017-10-17 23:41:02.699150,32.0,89.6,35.1,1012.4,14.7
2017-10-17 23:44:07.695389,32.0,89.6,34.9,1012.3,14.6
2017-10-17 23:47:13.890310,32.0,89.6,34.9,1012.3,14.6
2017-10-17 23:50:19.919919,31.9,89.4,35.0,1012.3,14.5
2017-10-17 23:53:24.847442,31.9,89.4,36.2,1012.2,15.1
2017-10-17 23:56:28.801251,32.0,89.6,34.7,1012.2,14.5
2017-10-17 23:59:34.905119,31.9,89.4,37.0,1012.2,15.4
2017-10-18 00:02:39.999080,31.9,89.4,35.3,1012.2,14.7
2017-10-18 00:05:44.980070,31.9,89.4,34.8,1012.1,14.5
2017-10-18 00:08:49.059032,31.8,89.2,35.4,1012.1,14.6
2017-10-18 00:11:52.950930,31.9,89.4,33.9,1012.1,14.0
2017-10-18 00:14:56.940412,31.9,89.4,34.6,1012.1,14.4
2017-10-18 00:18:00.956782,31.9,89.4,35.3,1012.2,14.7
2017-10-18 00:21:05.978841,31.7,89.1,35.1,1012.1,14.4
2017-10-18 00:24:07.930499,31.7,89.1,35.4,1012.2,14.5
2017-10-18 00:27:11.836213,31.9,89.4,34.6,1012.3,14.4
2017-10-18 00:30:16.790704,31.7,89.1,34.6,1012.2,14.2
2017-10-18 00:33:20.779444,31.8,89.2,35.1,1012.2,14.5
2017-10-18 00:36:24.673196,31.8,89.2,34.9,1012.3,14.4
2017-10-18 00:39:29.704858,31.6,88.9,34.9,1012.4,14.2
2017-10-18 00:42:34.683912,31.7,89.1,35.2,1012.4,14.5
2017-10-18 00:45:38.171529,31.7,89.1,35.1,1012.4,14.4
2017-10-18 00:48:40.623011,31.8,89.2,35.1,1012.3,14.5
2017-10-18 00:51:44.694786,31.8,89.2,35.1,1012.3,14.5
2017-10-18 00:54:48.597444,31.7,89.1,35.2,1012.3,14.5
2017-10-18 00:57:52.472977,31.7,89.1,35.1,1012.2,14.4
2017-10-18 01:00:55.171797,31.7,89.1,35.4,1012.1,14.5
2017-10-18 01:03:58.118066,31.6,88.9,34.7,1012.1,14.1
2017-10-18 01:07:01.018092,31.4,88.5,35.1,1012.2,14.1
2017-10-18 01:10:03.898287,31.4,88.5,35.0,1012.2,14.1
2017-10-18 01:13:07.800384,31.5,88.7,35.2,1012.2,14.3
2017-10-18 01:16:12.777343,31.4,88.5,34.8,1012.2,14.0
2017-10-18 01:19:17.959048,31.5,88.7,35.2,1012.2,14.3
2017-10-18 01:22:22.976344,31.4,88.5,34.9,1012.2,14.1
2017-10-18 01:25:27.115337,31.5,88.7,34.8,1012.1,14.1
2017-10-18 01:28:29.992558,31.4,88.5,35.2,1012.1,14.2
2017-10-18 01:31:33.982114,31.4,88.5,33.0,1012.2,13.2
2017-10-18 01:34:39.014793,31.4,88.5,36.1,1012.2,14.6
2017-10-18 01:37:43.025147,31.2,88.2,35.3,1012.2,14.1
2017-10-18 01:40:47.094651,31.3,88.3,34.9,1012.2,14.0
2017-10-18 01:43:52.107311,31.3,88.3,34.7,1012.2,13.9
2017-10-18 01:46:57.115581,31.3,88.3,35.3,1012.2,14.1
2017-10-18 01:50:01.092243,31.3,88.3,34.9,1012.2,14.0
2017-10-18 01:53:06.100476,31.4,88.5,35.3,1012.2,14.2
2017-10-18 01:56:11.057616,31.1,88.0,35.4,1012.2,14.0
2017-10-18 01:59:14.960568,31.3,88.3,35.6,1012.1,14.3
2017-10-18 02:02:18.964327,31.4,88.5,34.9,1012.0,14.1
2017-10-18 02:05:22.950222,31.3,88.3,35.0,1012.0,14.0
2017-10-18 02:08:27.876841,31.3,88.3,35.0,1012.0,14.0
2017-10-18 02:11:32.937747,31.3,88.3,35.0,1012.0,14.0
2017-10-18 02:14:37.920999,31.4,88.5,34.8,1012.0,14.0
2017-10-18 02:17:42.899293,31.3,88.3,33.8,1012.0,13.5
2017-10-18 02:20:48.000478,31.3,88.3,35.1,1012.0,14.1
2017-10-18 02:23:50.999305,31.3,88.3,34.9,1012.0,14.0
2017-10-18 02:26:56.028042,31.1,88.0,33.9,1012.0,13.4
2017-10-18 02:29:59.870381,31.1,88.0,35.1,1012.1,13.9
2017-10-18 02:33:01.683904,30.9,87.6,35.0,1012.0,13.7
2017-10-18 02:36:07.724335,31.1,88.0,35.1,1011.9,13.9
2017-10-18 02:39:09.593181,31.1,88.0,35.1,1011.9,13.9
2017-10-18 02:42:11.461562,31.0,87.8,35.4,1011.9,13.9
2017-10-18 02:45:15.439574,31.0,87.8,35.4,1012.0,13.9
2017-10-18 02:48:20.460336,31.0,87.8,35.9,1011.9,14.1
2017-10-18 02:51:23.454171,31.0,87.8,35.4,1012.1,13.9
2017-10-18 02:54:27.450205,31.0,87.8,35.0,1012.1,13.8
2017-10-18 02:57:31.381888,30.9,87.6,34.9,1012.0,13.6
2017-10-18 03:00:37.199345,31.1,88.0,34.9,1012.1,13.8
2017-10-18 03:03:40.180513,31.0,87.8,34.7,1012.0,13.6
2017-10-18 03:06:45.286105,30.9,87.6,32.8,1012.0,12.7
2017-10-18 03:09:51.371743,31.0,87.8,35.1,1012.0,13.8
2017-10-18 03:12:55.260610,31.0,87.8,34.9,1012.1,13.7
2017-10-18 03:15:59.187780,31.1,88.0,36.2,1012.0,14.4
2017-10-18 03:19:03.089585,31.0,87.8,35.2,1012.1,13.8
2017-10-18 03:22:07.100708,30.9,87.6,35.0,1012.1,13.7
2017-10-18 03:25:12.200129,30.7,87.3,35.0,1012.0,13.5
2017-10-18 03:28:18.315977,30.7,87.3,35.4,1012.0,13.7
2017-10-18 03:31:24.496643,30.9,87.6,35.3,1012.0,13.8
2017-10-18 03:34:30.465474,30.7,87.3,35.2,1012.0,13.6
2017-10-18 03:37:36.512546,30.7,87.3,34.5,1011.9,13.3
2017-10-18 03:40:41.421405,30.7,87.3,35.2,1011.9,13.6
2017-10-18 03:43:46.509395,30.7,87.3,35.0,1011.9,13.5
2017-10-18 03:46:51.510518,30.7,87.3,33.6,1011.9,12.9
2017-10-18 03:49:56.592262,30.7,87.3,36.2,1011.9,14.0
2017-10-18 03:53:01.694722,30.7,87.3,35.0,1011.8,13.5
2017-10-18 03:56:06.699703,30.6,87.1,34.8,1011.7,13.3
2017-10-18 03:59:10.770282,30.6,87.1,34.9,1011.7,13.4
2017-10-18 04:02:14.781273,30.8,87.4,34.6,1011.8,13.4
2017-10-18 04:05:19.848885,30.6,87.1,34.8,1011.7,13.3
2017-10-18 04:08:23.904554,30.7,87.3,34.9,1011.7,13.4
2017-10-18 04:11:28.903752,30.8,87.4,35.2,1011.7,13.7
2017-10-18 04:14:33.917154,30.7,87.3,35.1,1011.7,13.5
2017-10-18 04:17:37.830657,30.5,86.9,34.6,1011.7,13.1
2017-10-18 04:20:41.861838,30.6,87.1,35.0,1011.7,13.4
2017-10-18 04:23:45.818360,30.7,87.3,34.2,1011.7,13.1
2017-10-18 04:26:49.729714,30.7,87.3,35.8,1011.7,13.8
2017-10-18 04:29:54.717233,30.5,86.9,33.0,1011.8,12.4
2017-10-18 04:32:59.704136,30.5,86.9,34.8,1011.7,13.2
2017-10-18 04:36:04.631867,30.5,86.9,38.0,1011.7,14.6
2017-10-18 04:39:09.680280,30.5,86.9,35.0,1011.8,13.3
2017-10-18 04:42:14.721790,30.5,86.9,35.1,1011.7,13.4
2017-10-18 04:45:18.689744,30.5,86.9,34.0,1011.7,12.9
2017-10-18 04:48:23.741348,30.6,87.1,34.8,1011.7,13.3
2017-10-18 04:51:27.683460,30.5,86.9,34.9,1011.7,13.3
2017-10-18 04:54:32.658170,30.5,86.9,34.6,1011.6,13.1
2017-10-18 04:57:36.649322,30.5,86.9,34.7,1011.7,13.2
2017-10-18 05:00:41.658813,30.5,86.9,35.0,1011.7,13.3
2017-10-18 05:03:46.652250,30.4,86.7,35.8,1011.7,13.6
2017-10-18 05:06:51.773702,30.5,86.9,34.6,1011.6,13.1
2017-10-18 05:09:55.763251,30.5,86.9,34.8,1011.6,13.2
2017-10-18 05:13:00.740768,30.4,86.7,34.8,1011.7,13.1
2017-10-18 05:16:04.601000,30.4,86.7,35.0,1011.6,13.2
2017-10-18 05:19:09.571006,30.2,86.4,34.8,1011.6,13.0
2017-10-18 05:22:14.519538,30.3,86.5,33.9,1011.6,12.7
2017-10-18 05:25:19.580213,30.2,86.4,35.4,1011.6,13.2
2017-10-18 05:28:24.757992,30.2,86.4,34.7,1011.7,12.9
2017-10-18 05:31:29.834627,30.2,86.4,37.1,1011.7,13.9
2017-10-18 05:34:33.717261,30.2,86.4,34.8,1011.7,13.0
2017-10-18 05:37:38.696707,30.3,86.5,35.0,1011.8,13.1
2017-10-18 05:40:42.658897,30.2,86.4,34.8,1011.8,13.0
2017-10-18 05:43:47.655970,30.2,86.4,34.6,1011.8,12.9
2017-10-18 05:46:52.595487,30.2,86.4,34.4,1011.8,12.8
2017-10-18 05:49:57.499776,30.2,86.4,33.7,1011.7,12.5
2017-10-18 05:53:02.450954,30.4,86.7,34.6,1011.7,13.1
2017-10-18 05:56:06.461656,30.1,86.2,34.6,1011.7,12.8
2017-10-18 05:59:10.356342,30.2,86.4,34.4,1011.7,12.8
2017-10-18 06:02:15.334080,30.2,86.4,37.0,1011.8,13.9
2017-10-18 06:05:20.340888,30.2,86.4,34.6,1011.7,12.9
2017-10-18 06:08:25.290527,30.1,86.2,34.4,1011.7,12.7
2017-10-18 06:11:29.306602,30.1,86.2,34.9,1011.8,12.9
2017-10-18 06:14:33.219834,30.1,86.2,35.1,1011.8,13.0
2017-10-18 06:17:36.168960,30.2,86.4,34.7,1011.8,12.9
2017-10-18 06:20:41.170099,30.2,86.4,34.8,1011.9,13.0
2017-10-18 06:23:46.160180,30.1,86.2,36.2,1011.8,13.5
2017-10-18 06:26:50.128444,30.1,86.2,34.5,1011.8,12.7
2017-10-18 06:29:54.042106,30.3,86.5,34.7,1011.8,13.0
2017-10-18 06:32:59.207477,30.2,86.4,36.8,1011.9,13.8
2017-10-18 06:36:04.195210,30.1,86.2,34.4,1011.9,12.7
2017-10-18 06:39:08.165070,30.0,86.0,34.8,1011.8,12.8
2017-10-18 06:42:13.169446,30.2,86.4,34.4,1011.9,12.8
2017-10-18 06:45:18.157501,30.2,86.4,34.3,1011.9,12.7
2017-10-18 06:48:23.202153,30.4,86.7,34.9,1012.0,13.2
2017-10-18 06:51:28.283515,30.6,87.1,35.5,1012.0,13.6
2017-10-18 06:54:33.297520,30.5,86.9,37.4,1011.9,14.3
2017-10-18 06:57:38.339320,30.3,86.5,34.4,1012.0,12.9
2017-10-18 07:00:44.211707,30.3,86.5,34.7,1012.0,13.0
2017-10-18 07:03:50.298783,30.3,86.5,34.7,1012.0,13.0
2017-10-18 07:06:56.328412,30.1,86.2,33.9,1012.0,12.5
2017-10-18 07:10:01.299847,30.1,86.2,34.5,1012.0,12.7
2017-10-18 07:13:06.376715,29.9,85.8,34.7,1012.0,12.7
2017-10-18 07:16:12.374673,30.0,86.0,36.9,1012.1,13.7
2017-10-18 07:19:17.320533,30.1,86.2,35.5,1012.0,13.2
2017-10-18 07:22:22.390255,30.0,86.0,33.0,1012.1,12.0
2017-10-18 07:25:27.402580,29.9,85.8,35.0,1012.1,12.8
2017-10-18 07:28:32.440911,30.0,86.0,34.3,1012.1,12.6
2017-10-18 07:31:37.418889,30.1,86.2,34.8,1012.1,12.9
2017-10-18 07:34:41.360111,29.9,85.8,34.5,1012.1,12.6
2017-10-18 07:37:46.137642,30.1,86.2,35.1,1012.2,13.0
2017-10-18 07:40:50.074031,30.0,86.0,35.3,1012.1,13.0
2017-10-18 07:43:55.099722,29.9,85.8,35.0,1012.2,12.8
2017-10-18 07:47:01.083042,29.9,85.8,34.0,1012.2,12.3
2017-10-18 07:50:07.072477,29.8,85.6,35.4,1012.3,12.9
2017-10-18 07:53:13.067041,29.9,85.8,36.5,1012.3,13.4
2017-10-18 07:56:19.083669,29.9,85.8,35.3,1012.3,12.9
2017-10-18 07:59:25.122438,29.9,85.8,35.6,1012.4,13.0
2017-10-18 08:02:31.114581,29.9,85.8,38.0,1012.4,14.0
2017-10-18 08:05:37.200300,29.9,85.8,35.3,1012.4,12.9
2017-10-18 08:08:43.217094,29.8,85.6,35.3,1012.5,12.8
2017-10-18 08:11:49.243723,29.9,85.8,35.4,1012.5,13.0
2017-10-18 08:14:55.353001,29.8,85.6,34.1,1012.6,12.3
2017-10-18 08:18:00.397478,29.8,85.6,35.3,1012.6,12.8
2017-10-18 08:21:06.320668,29.8,85.6,35.1,1012.6,12.7
2017-10-18 08:24:11.494706,29.7,85.5,35.1,1012.7,12.7
2017-10-18 08:27:16.387040,29.8,85.6,34.6,1012.8,12.5
2017-10-18 08:30:22.459945,29.8,85.6,36.1,1012.7,13.2
2017-10-18 08:33:27.469147,29.7,85.5,34.0,1012.7,12.2
2017-10-18 08:36:33.509536,29.6,85.3,36.9,1012.7,13.3
2017-10-18 08:39:39.605233,29.7,85.5,35.0,1012.8,12.6
2017-10-18 08:42:45.546737,29.7,85.5,34.8,1012.8,12.5
2017-10-18 08:45:51.725275,29.7,85.5,32.2,1012.8,11.3
2017-10-18 08:48:56.732836,29.7,85.5,35.4,1012.8,12.8
2017-10-18 08:52:02.800301,29.7,85.5,35.9,1012.8,13.0
2017-10-18 08:55:08.991594,29.7,85.5,35.1,1012.8,12.7
2017-10-18 08:58:13.984790,29.7,85.5,33.6,1012.9,12.0
2017-10-18 09:01:20.118618,29.7,85.5,34.4,1012.8,12.3
2017-10-18 09:04:26.242171,29.7,85.5,36.0,1012.9,13.0
2017-10-18 09:07:32.338164,29.8,85.6,34.8,1012.9,12.6
2017-10-18 09:10:38.469622,29.8,85.6,34.3,1012.9,12.4
2017-10-18 09:13:44.400189,29.8,85.6,34.9,1013.0,12.7
2017-10-18 09:16:50.498485,29.8,85.6,34.6,1013.0,12.5
2017-10-18 09:19:56.537731,29.8,85.6,34.4,1013.0,12.4
2017-10-18 09:23:02.619147,29.7,85.5,34.1,1012.9,12.2
2017-10-18 09:26:07.629609,29.6,85.3,35.5,1013.0,12.7
2017-10-18 09:29:13.587986,29.8,85.6,35.1,1013.0,12.7
2017-10-18 09:32:18.624447,29.9,85.8,34.4,1012.9,12.5
2017-10-18 09:35:24.594528,29.9,85.8,36.3,1012.9,13.3
2017-10-18 09:38:30.550307,29.9,85.8,34.4,1013.0,12.5
2017-10-18 09:41:36.520872,29.8,85.6,34.7,1012.9,12.6
2017-10-18 09:44:42.440320,29.9,85.8,34.7,1013.0,12.7
2017-10-18 09:47:48.574830,29.9,85.8,33.3,1013.0,12.0
2017-10-18 09:50:54.590940,29.9,85.8,34.5,1013.1,12.6
2017-10-18 09:53:59.610727,30.0,86.0,34.5,1013.1,12.7
2017-10-18 09:57:04.819722,29.9,85.8,35.2,1013.0,12.9
2017-10-18 10:00:10.767748,29.9,85.8,34.5,1013.1,12.6
2017-10-18 10:03:15.851082,30.0,86.0,34.9,1013.0,12.8
2017-10-18 10:06:21.884375,29.9,85.8,33.5,1013.0,12.1
2017-10-18 10:09:26.912873,30.0,86.0,34.7,1013.0,12.7
2017-10-18 10:12:33.039327,29.9,85.8,33.7,1013.1,12.2
2017-10-18 10:15:38.019829,30.0,86.0,34.4,1013.0,12.6
2017-10-18 10:18:44.028502,30.0,86.0,34.8,1013.0,12.8
2017-10-18 10:21:50.028625,30.1,86.2,34.6,1013.0,12.8
2017-10-18 10:24:54.924667,30.1,86.2,36.3,1013.0,13.5
2017-10-18 10:28:00.041741,30.1,86.2,34.5,1013.0,12.7
2017-10-18 10:31:05.020131,30.0,86.0,34.4,1012.9,12.6
2017-10-18 10:34:11.053801,30.0,86.0,34.5,1013.0,12.7
2017-10-18 10:37:16.990821,30.1,86.2,34.8,1012.9,12.9
2017-10-18 10:40:21.949349,30.0,86.0,34.4,1012.9,12.6
2017-10-18 10:43:28.047041,30.0,86.0,34.3,1012.9,12.6
2017-10-18 10:46:34.059377,30.0,86.0,34.5,1012.9,12.7
2017-10-18 10:49:40.139848,30.1,86.2,34.2,1013.0,12.6
2017-10-18 10:52:45.191495,30.1,86.2,34.3,1013.0,12.7
2017-10-18 10:55:50.197989,30.1,86.2,33.0,1013.0,12.1
2017-10-18 10:58:54.270238,30.1,86.2,34.1,1012.9,12.6
2017-10-18 11:01:58.277226,30.2,86.4,34.0,1012.9,12.6
2017-10-18 11:05:04.271104,30.3,86.5,34.1,1012.9,12.7
2017-10-18 11:08:09.293486,30.2,86.4,34.0,1012.9,12.6
2017-10-18 11:11:15.318877,30.3,86.5,34.4,1012.9,12.9
2017-10-18 11:14:21.452307,30.4,86.7,34.1,1012.9,12.8
2017-10-18 11:17:26.402863,30.4,86.7,33.9,1012.8,12.7
2017-10-18 11:20:32.439324,30.4,86.7,34.0,1012.7,12.8
2017-10-18 11:23:38.490132,30.3,86.5,34.0,1012.6,12.7
2017-10-18 11:26:44.563818,30.4,86.7,34.1,1012.6,12.8
2017-10-18 11:29:49.666812,30.3,86.5,35.5,1012.6,13.4
2017-10-18 11:32:55.666228,30.3,86.5,35.8,1012.6,13.5
2017-10-18 11:36:01.653172,30.4,86.7,34.4,1012.6,13.0
2017-10-18 11:39:07.741137,30.5,86.9,33.6,1012.5,12.7
2017-10-18 11:42:13.740560,30.5,86.9,34.4,1012.5,13.0
2017-10-18 11:45:19.841658,30.3,86.5,34.0,1012.5,12.7
2017-10-18 11:48:25.732273,30.5,86.9,33.9,1012.5,12.8
2017-10-18 11:51:31.761353,30.4,86.7,33.6,1012.5,12.6
2017-10-18 11:54:37.849420,30.5,86.9,33.8,1012.4,12.8
2017-10-18 11:57:43.858857,30.5,86.9,33.7,1012.5,12.7
2017-10-18 12:00:50.029718,30.6,87.1,33.5,1012.4,12.7
2017-10-18 12:03:55.082134,30.6,87.1,33.8,1012.5,12.9
2017-10-18 12:07:00.058304,30.5,86.9,33.7,1012.5,12.7
2017-10-18 12:10:06.158473,30.6,87.1,33.7,1012.4,12.8
2017-10-18 12:13:11.079321,30.5,86.9,33.2,1012.4,12.5
2017-10-18 12:16:17.194044,30.6,87.1,35.2,1012.4,13.5
2017-10-18 12:19:22.198361,30.6,87.1,33.5,1012.3,12.7
2017-10-18 12:22:27.173968,30.7,87.3,33.7,1012.2,12.9
2017-10-18 12:25:33.202180,30.7,87.3,32.6,1012.2,12.4
2017-10-18 12:28:39.199161,30.7,87.3,36.1,1012.1,14.0
2017-10-18 12:31:43.230322,30.8,87.4,33.7,1012.1,13.0
2017-10-18 12:34:48.252162,30.8,87.4,33.4,1012.1,12.9
2017-10-18 12:37:53.170208,30.7,87.3,34.1,1012.1,13.1
2017-10-18 12:40:56.180653,30.9,87.6,33.2,1012.0,12.9
2017-10-18 12:44:02.324522,30.9,87.6,33.3,1012.0,12.9
2017-10-18 12:47:08.564292,30.8,87.4,33.9,1012.0,13.1
2017-10-18 12:50:13.558764,31.0,87.8,33.2,1012.0,12.9
2017-10-18 12:53:17.843802,31.1,88.0,33.2,1011.9,13.0
2017-10-18 12:56:20.515803,31.3,88.3,33.3,1011.8,13.3
2017-10-18 12:59:24.507461,31.3,88.3,33.4,1011.8,13.3
2017-10-18 13:02:28.399420,31.3,88.3,33.1,1011.7,13.2
2017-10-18 13:05:31.239133,31.1,88.0,33.9,1011.7,13.4
2017-10-18 13:08:34.216794,31.1,88.0,33.6,1011.7,13.2
2017-10-18 13:11:37.008624,31.2,88.2,33.7,1011.6,13.3
2017-10-18 13:14:40.916052,31.3,88.3,33.5,1011.6,13.3
2017-10-18 13:17:44.890935,31.2,88.2,33.5,1011.6,13.3
2017-10-18 13:20:48.670825,31.1,88.0,33.9,1011.6,13.4
2017-10-18 13:23:51.458917,31.2,88.2,33.9,1011.4,13.4
2017-10-18 13:26:55.463702,31.3,88.3,33.8,1011.4,13.5
2017-10-18 13:29:59.402083,31.3,88.3,34.0,1011.3,13.6
2017-10-18 13:33:03.376944,31.3,88.3,36.6,1011.2,14.7
2017-10-18 13:36:07.299314,31.4,88.5,33.7,1011.1,13.5
2017-10-18 13:39:10.140950,31.4,88.5,33.7,1011.1,13.5
2017-10-18 13:42:13.109924,31.5,88.7,33.7,1011.1,13.6
2017-10-18 13:45:15.948131,31.5,88.7,33.9,1011.0,13.7
2017-10-18 13:48:19.980965,31.4,88.5,33.7,1010.9,13.5
2017-10-18 13:51:24.967632,31.4,88.5,34.2,1010.9,13.7
2017-10-18 13:54:29.916444,31.5,88.7,33.8,1010.9,13.7
2017-10-18 13:57:35.041639,31.5,88.7,34.4,1010.8,13.9
2017-10-18 14:00:39.972460,31.5,88.7,34.1,1010.7,13.8
2017-10-18 14:03:43.999926,31.6,88.9,33.6,1010.6,13.7
2017-10-18 14:06:48.891075,31.5,88.7,34.0,1010.6,13.7
2017-10-18 14:09:53.709663,31.7,89.1,33.8,1010.6,13.8
2017-10-18 14:12:57.638160,31.7,89.1,34.0,1010.6,13.9
2017-10-18 14:16:01.471546,31.8,89.2,33.8,1010.5,13.9
2017-10-18 14:19:06.461982,31.7,89.1,33.6,1010.5,13.7
2017-10-18 14:22:10.252732,31.7,89.1,33.7,1010.4,13.8
2017-10-18 14:25:14.197407,31.9,89.4,33.7,1010.4,14.0
2017-10-18 14:28:19.219496,31.9,89.4,33.5,1010.4,13.9
2017-10-18 14:31:24.089304,31.8,89.2,30.3,1010.3,12.2
2017-10-18 14:34:29.109588,31.8,89.2,33.4,1010.4,13.7
2017-10-18 14:37:34.088492,31.9,89.4,33.8,1010.4,14.0
2017-10-18 14:40:39.179482,31.9,89.4,33.6,1010.3,13.9
2017-10-18 14:43:44.144861,31.9,89.4,34.2,1010.2,14.2
2017-10-18 14:46:49.141786,32.0,89.6,34.1,1010.2,14.2
2017-10-18 14:49:54.110334,31.9,89.4,33.8,1010.1,14.0
2017-10-18 14:52:57.993633,32.0,89.6,36.6,1010.1,15.3
2017-10-18 14:56:02.843298,32.2,90.0,33.5,1010.1,14.1
2017-10-18 14:59:06.882992,32.2,90.0,33.5,1010.1,14.1
2017-10-18 15:02:10.799292,32.3,90.1,33.6,1010.1,14.3
2017-10-18 15:05:14.898209,32.3,90.1,33.5,1010.0,14.2
2017-10-18 15:08:19.937637,32.3,90.1,33.3,1010.0,14.1
2017-10-18 15:11:24.017823,32.3,90.1,33.6,1010.0,14.3
2017-10-18 15:14:29.121867,32.3,90.1,33.3,1009.9,14.1
2017-10-18 15:17:34.062759,32.3,90.1,33.5,1010.0,14.2
2017-10-18 15:20:39.151570,32.3,90.1,33.4,1009.9,14.2
2017-10-18 15:23:45.309988,32.5,90.5,31.5,1009.8,13.4
2017-10-18 15:26:51.279735,32.4,90.3,34.5,1009.8,14.8
2017-10-18 15:29:58.384021,32.3,90.1,33.6,1009.8,14.3
2017-10-18 15:33:04.532418,32.4,90.3,32.7,1009.8,13.9
2017-10-18 15:36:11.558762,32.5,90.5,33.2,1009.7,14.3
2017-10-18 15:39:18.586401,32.5,90.5,33.0,1009.7,14.2
2017-10-18 15:42:25.612778,32.6,90.7,33.3,1009.7,14.4
2017-10-18 15:45:32.660945,32.6,90.7,33.6,1009.7,14.5
2017-10-18 15:48:39.656829,32.7,90.9,33.4,1009.6,14.5
2017-10-18 15:51:46.790522,32.5,90.5,33.2,1009.6,14.3
2017-10-18 15:54:53.838365,32.7,90.9,33.4,1009.6,14.5
2017-10-18 15:58:00.989841,32.6,90.7,33.4,1009.6,14.4
2017-10-18 16:01:07.985215,32.5,90.5,33.4,1009.4,14.3
2017-10-18 16:04:15.091158,32.7,90.9,31.2,1009.4,13.5
2017-10-18 16:07:21.070570,32.7,90.9,33.4,1009.4,14.5
2017-10-18 16:10:28.178953,32.6,90.7,32.9,1009.4,14.2
2017-10-18 16:13:35.293634,32.8,91.0,33.1,1009.3,14.5
2017-10-18 16:16:40.366010,32.6,90.7,33.7,1009.4,14.6
2017-10-18 16:19:47.371733,32.8,91.0,33.4,1009.4,14.6
2017-10-18 16:22:53.378343,32.8,91.0,33.5,1009.4,14.7
2017-10-18 16:25:59.289916,32.9,91.2,35.3,1009.4,15.6
2017-10-18 16:29:05.273350,32.8,91.0,32.7,1009.3,14.3
2017-10-18 16:32:11.418266,32.8,91.0,33.5,1009.3,14.7
2017-10-18 16:35:17.460975,32.8,91.0,33.6,1009.3,14.7
2017-10-18 16:38:23.525216,32.8,91.0,33.6,1009.2,14.7
2017-10-18 16:41:29.531212,32.8,91.0,33.8,1009.2,14.8
2017-10-18 16:44:35.403843,32.8,91.0,33.6,1009.2,14.7
2017-10-18 16:47:41.301954,32.7,90.9,34.6,1009.2,15.1
2017-10-18 16:50:47.350158,32.9,91.2,33.9,1009.2,14.9
2017-10-18 16:53:53.285421,33.3,91.9,34.0,1009.2,15.3
2017-10-18 16:56:59.268580,33.2,91.8,34.3,1009.1,15.4
2017-10-18 17:00:04.219125,33.3,91.9,34.0,1009.1,15.3
2017-10-18 17:03:09.237986,33.3,91.9,32.6,1009.1,14.7
2017-10-18 17:06:14.113208,33.6,92.5,33.2,1009.1,15.2
2017-10-18 17:09:20.106748,33.6,92.5,34.6,1009.1,15.9
2017-10-18 17:12:26.201767,33.4,92.1,35.0,1009.1,15.9
2017-10-18 17:15:31.051918,33.4,92.1,35.2,1009.1,15.9
2017-10-18 17:18:36.150340,33.4,92.1,35.7,1009.0,16.2
2017-10-18 17:21:42.241629,33.5,92.3,35.7,1009.0,16.3
2017-10-18 17:24:49.313081,33.5,92.3,34.7,1008.9,15.8
2017-10-18 17:27:56.340630,33.7,92.7,35.6,1009.0,16.4
2017-10-18 17:31:03.551976,33.7,92.7,36.0,1009.0,16.6
2017-10-18 17:34:21.336862,33.9,93.0,36.5,1009.0,17.0,-0.99,0.12,0.13
2017-10-18 17:37:28.452011,34.4,93.9,37.1,1009.0,17.7,-0.0,-0.97,-0.02
2017-10-18 17:40:34.707636,34.3,93.7,34.6,1009.0,16.5,-1.01,0.05,0.09
2017-10-18 17:43:42.235569,34.1,93.4,35.8,1009.0,16.8,-1.0,0.05,0.09
2017-10-18 17:46:48.453455,34.1,93.4,35.1,1009.0,16.5,-1.01,0.05,0.09
2017-10-18 17:49:53.754595,34.0,93.2,35.7,1009.0,16.7,-1.0,0.06,0.09
